{
  "params": {
    "aggressive": true,
    "smooth_window": 48,
    "peak_pick": {
      "pre_max": 24,
      "post_max": 24,
      "pre_avg": 24,
      "post_avg": 24,
      "delta": 0.06,
      "wait": 24
    },
    "min_section_duration": 2.5,
    "max_sections": 20
  },
  "peak_candidates_frames": [
    35,
    72,
    250,
    311,
    339,
    369,
    413,
    541,
    653,
    698,
    729,
    759,
    789,
    820,
    910,
    971,
    1001,
    1031,
    1062,
    1091,
    1151,
    1181,
    1271,
    1302,
    1392,
    1423,
    1453,
    1483,
    1513,
    1544,
    1589,
    1635,
    1666,
    1726,
    1816,
    1938,
    1968,
    2058,
    2186,
    2271,
    2331,
    2391,
    2421,
    2512,
    2542,
    2572,
    2632,
    2662,
    2722,
    2753,
    2783,
    2902,
    2933,
    2961,
    3006,
    3174,
    3203,
    3248,
    3294,
    3323,
    3354,
    3414,
    3444,
    3533,
    3594,
    3653,
    3683,
    3772,
    3800,
    3923,
    3955,
    3984,
    4015,
    4074,
    4103,
    4134,
    4252,
    4282,
    4312,
    4386,
    4431,
    4461,
    4522,
    4552,
    4581,
    4612,
    4672,
    4701,
    4761,
    4791,
    4910,
    4941,
    5002,
    5031,
    5060,
    5091,
    5150,
    5180,
    5254,
    5389,
    5419,
    5449,
    5479,
    5524,
    5569,
    5598,
    5688,
    5808,
    5838,
    5927,
    5956,
    5987,
    6045,
    6104,
    6164,
    6402,
    6520,
    6624,
    6698,
    6757,
    6785,
    6902,
    6979,
    7092,
    7188,
    7233,
    7291,
    7321,
    7351,
    7439,
    7469,
    7528,
    7587,
    7647,
    7706,
    7765,
    7794,
    7883,
    7913,
    7972,
    8004,
    8063,
    8093,
    8124,
    8302,
    8478,
    8538,
    8566,
    8834,
    8922,
    8967,
    9012,
    9041,
    9131,
    9227,
    9308,
    9425,
    9541,
    9601,
    9918,
    9964,
    10320,
    11389
  ],
  "peak_candidates_times": [
    0.8126984126984127,
    1.6718367346938776,
    5.804988662131519,
    7.22140589569161,
    7.87156462585034,
    8.568163265306122,
    9.58984126984127,
    12.561995464852608,
    15.162630385487528,
    16.207528344671204,
    16.92734693877551,
    17.623945578231293,
    18.320544217687075,
    19.040362811791383,
    21.13015873015873,
    22.54657596371882,
    23.2431746031746,
    23.939773242630384,
    24.659591836734695,
    25.33297052154195,
    26.726167800453513,
    27.422766439909296,
    29.512562358276643,
    30.232380952380954,
    32.3221768707483,
    33.041995464852604,
    33.73859410430839,
    34.43519274376417,
    35.131791383219955,
    35.851609977324266,
    36.89650793650794,
    37.964625850340134,
    38.684444444444445,
    40.07764172335601,
    42.16743764172335,
    45.00027210884354,
    45.69687074829932,
    47.78666666666667,
    50.758820861678004,
    52.73251700680272,
    54.12571428571429,
    55.51891156462585,
    56.21551020408163,
    58.32852607709751,
    59.025124716553286,
    59.72172335600907,
    61.11492063492064,
    61.811519274376415,
    63.20471655328798,
    63.92453514739229,
    64.62113378684808,
    67.38430839002268,
    68.10412698412698,
    68.75428571428571,
    69.79918367346939,
    73.70013605442176,
    74.37351473922902,
    75.4184126984127,
    76.48653061224489,
    77.15990929705215,
    77.87972789115646,
    79.27292517006802,
    79.9695238095238,
    82.03609977324263,
    83.45251700680272,
    84.82249433106576,
    85.51909297052154,
    87.58566893424036,
    88.2358276643991,
    91.0918820861678,
    91.83492063492064,
    92.5082993197279,
    93.2281179138322,
    94.59809523809524,
    95.2714739229025,
    95.9912925170068,
    98.73124716553288,
    99.42784580498866,
    100.12444444444445,
    101.84272108843537,
    102.88761904761905,
    103.58421768707483,
    105.00063492063492,
    105.69723356009071,
    106.37061224489796,
    107.09043083900227,
    108.48362811791384,
    109.15700680272109,
    110.55020408163266,
    111.24680272108843,
    114.00997732426303,
    114.72979591836734,
    116.14621315192744,
    116.81959183673469,
    117.49297052154195,
    118.21278911564626,
    119.58276643990929,
    120.27936507936508,
    121.99764172335601,
    125.13233560090703,
    125.82893424036281,
    126.5255328798186,
    127.22213151927437,
    128.26702947845806,
    129.3119274376417,
    129.98530612244897,
    132.07510204081632,
    134.86149659863946,
    135.55809523809523,
    137.62467120181407,
    138.29804988662133,
    139.0178684807256,
    140.36462585034013,
    141.73460317460317,
    143.12780045351474,
    148.65414965986395,
    151.39410430839,
    153.80897959183673,
    155.52725623582765,
    156.8972335600907,
    157.54739229024943,
    160.264126984127,
    162.0520634920635,
    164.67591836734695,
    166.90503401360544,
    167.9499319727891,
    169.29668934240362,
    169.99328798185942,
    170.6898866213152,
    172.7332426303855,
    173.42984126984126,
    174.7998185941043,
    176.16979591836736,
    177.5629931972789,
    178.93297052154196,
    180.302947845805,
    180.97632653061225,
    183.04290249433106,
    183.73950113378686,
    185.1094784580499,
    185.8525170068027,
    187.22249433106575,
    187.91909297052155,
    188.63891156462586,
    192.7720634920635,
    196.85877551020408,
    198.25197278911565,
    198.90213151927438,
    205.12507936507936,
    207.16843537414965,
    208.21333333333334,
    209.258231292517,
    209.93160997732426,
    212.0214058956916,
    214.25052154195012,
    216.13133786848073,
    218.84807256235828,
    221.5415873015873,
    222.93478458049887,
    230.29551020408164,
    231.36362811791383,
    239.6299319727891,
    264.4520634920635
  ],