{
  "params": {
    "aggressive": true,
    "smooth_window": 64,
    "peak_pick": {
      "pre_max": 32,
      "post_max": 32,
      "pre_avg": 32,
      "post_avg": 32,
      "delta": 0.08,
      "wait": 32
    },
    "min_section_duration": 2.5,
    "max_sections": 12
  },
  "peak_candidates_frames": [
    43,
    242,
    526,
    659,
    751,
    811,
    932,
    1174,
    1294,
    1355,
    1415,
    1536,
    1658,
    1718,
    1839,
    1899,
    1960,
    2020,
    2202,
    2262,
    2323,
    2383,
    2443,
    2564,
    2624,
    2804,
    2924,
    2984,
    3166,
    3286,
    3406,
    3525,
    3675,
    3792,
    3946,
    4006,
    4067,
    4126,
    4304,
    4424,
    4483,
    4603,
    4664,
    4724,
    4783,
    4902,
    5083,
    5143,
    5202,
    5262,
    5381,
    5531,
    5681,
    5800,
    5919,
    6155,
    6512,
    6777,
    7106,
    7165,
    7225,
    7344,
    7579,
    7639,
    7757,
    7817,
    7875,
    8055,
    8293,
    8529,
    9003,
    9926,
    11394
  ],
  "peak_candidates_times": [
    0.9984580498866213,
    5.61922902494331,
    12.213696145124716,
    15.301950113378684,
    17.438185941043084,
    18.83138321995465,
    21.640997732426303,
    27.260226757369615,
    30.046621315192745,
    31.463038548752834,
    32.8562358276644,
    35.66585034013605,
    38.49868480725623,
    39.8918820861678,
    42.70149659863946,
    44.09469387755102,
    45.51111111111111,
    46.90430839002268,
    51.13034013605442,
    52.523537414965986,
    53.939954648526076,
    55.33315192743764,
    56.726349206349205,
    59.53596371882086,
    60.929160997732424,
    65.10875283446713,
    67.89514739229026,
    69.28834467120181,
    73.51437641723356,
    76.3007709750567,
    79.08716553287982,
    81.85034013605443,
    85.33333333333333,
    88.05006802721088,
    91.6259410430839,
    93.01913832199547,
    94.43555555555555,
    95.8055328798186,
    99.93868480725624,
    102.72507936507937,
    104.0950566893424,
    106.88145124716553,
    108.29786848072563,
    109.69106575963718,
    111.06104308390023,
    113.82421768707484,
    118.02702947845805,
    119.42022675736962,
    120.79020408163265,
    122.18340136054422,
    124.94657596371881,
    128.42956916099774,
    131.91256235827663,
    134.67573696145124,
    137.43891156462584,
    142.918820861678,
    151.20834467120181,
    157.36163265306124,
    165.0009977324263,
    166.37097505668933,
    167.7641723356009,
    170.5273469387755,
    175.98403628117913,
    177.3772335600907,
    180.11718820861677,
    181.51038548752834,
    182.85714285714286,
    187.03673469387755,
    192.56308390022676,
    198.04299319727892,
    209.04925170068026,
    230.48126984126984,
    264.5681632653061
  ],
  "peak_candidates_strengths": [
    0.6677398681640625,
    0.795370876789093,
    0.5229690074920654,
    0.9448378682136536,
    0.8528892397880554,
    0.8774569034576416,
    1.0,
    0.9937471747398376,
    0.8272451758384705,
    0.9392304420471191,
    0.9330779910087585,
    0.7777831554412842,
    0.7988067865371704,
    0.7526822090148926,
    0.9084211587905884,
    0.7104287147521973,
    0.848676323890686,
    0.7064607739448547,
    0.7376067638397217,
    0.5595860481262207,
    0.6572120785713196,
    0.7105635404586792,
    0.7144363522529602,
    0.8783521056175232,
    0.7771745324134827,
    0.8175312280654907,
    0.5809650421142578,
    0.6005806922912598,
    0.7363368272781372,
    0.6020528674125671,
    0.7190408110618591,
    0.5530248880386353,
    0.7311585545539856,
    0.5847242474555969,
    0.6561231017112732,
    0.6966543793678284,
    0.6402881741523743,
    0.6010481119155884,
    0.5352095365524292,
    0.6673405766487122,
    0.6647262573242188,
    0.8221666216850281,
    0.7898203730583191,
    0.7098520994186401,
    0.6728119850158691,
    0.5836711525917053,
    0.7257950305938721,
    0.6830452680587769,
    0.6565271019935608,
    0.5783637762069702,
    0.38633155822753906,
    0.4883826673030853,
    0.6740706562995911,
    0.5259132981300354,
    0.4790761172771454,
    0.5960918068885803,
    0.6144176125526428,
    0.548204779624939,
    0.6408802270889282,
    0.508754312992096,
    0.47388917207717896,
    0.4641910493373871,
    0.5521300435066223,
    0.6046745777130127,
    0.49151164293289185,
    0.5244199633598328,
    0.5736021995544434,
    0.4307987689971924,
    0.4803449213504791,
    0.38286253809928894,
    0.4081302583217621,
    0.5200042128562927,
    0.475106418132782
  ],
  "cluster_boundary_frames": [
    0,
    1,
    2,
    3,
    4,
    5,
    6,
    7,
    8,
    9,
    10,
    11,
    12138
  ],
  "cluster_boundary_times": [
    0.0,
    0.023219954648526078,
    0.046439909297052155,
    0.06965986394557823,
    0.09287981859410431,
    0.11609977324263039,
    0.13931972789115646,
    0.16253968253968254,
    0.18575963718820862,
    0.2089795918367347,
    0.23219954648526078,
    0.25541950113378686,
    281.8438095238095
  ],
  "candidate_times_before_validation": [
    0.0,
    0.2089795918367347,
    0.23219954648526078,
    0.25541950113378686,
    15.301950113378684,
    17.438185941043084,
    18.83138321995465,
    21.640997732426303,
    27.260226757369615,
    30.046621315192745,
    31.463038548752834,
    32.8562358276644,
    42.70149659863946,
    45.51111111111111,
    59.53596371882086,
    281.8438095238095
  ],
  "validation_metrics": {
    "0.000": {
      "drms_db": 0.0,
      "dcentroid_hz": 0.0,
      "chroma_corr": 1.0
    },
    "0.209": {
      "drms_db": 64.07248115539551,
      "dcentroid_hz": -2737.6362653014276,
      "chroma_corr": -0.06786916730966709
    },
    "0.232": {
      "drms_db": 25.898170471191406,
      "dcentroid_hz": -2155.1831847037374,
      "chroma_corr": -0.6518527578957692
    },
    "0.255": {
      "drms_db": 19.96710968017578,
      "dcentroid_hz": -2000.7343499648423,
      "chroma_corr": -0.553587091745205
    },
    "15.302": {
      "drms_db": 0.6989736557006836,
      "dcentroid_hz": -248.863805747264,
      "chroma_corr": -0.3493812895563051
    },
    "17.438": {
      "drms_db": -0.08129501342773438,
      "dcentroid_hz": 470.43408242547866,
      "chroma_corr": -0.47580064576156017
    },
    "18.831": {
      "drms_db": -2.703258514404297,
      "dcentroid_hz": 647.7941147436,
      "chroma_corr": 0.5755938222251727
    },
    "21.641": {
      "drms_db": -1.2068357467651367,
      "dcentroid_hz": 294.4189222719806,
      "chroma_corr": 0.31867597338163645
    },
    "27.260": {
      "drms_db": -1.8571910858154297,
      "dcentroid_hz": 598.3201875365057,
      "chroma_corr": -0.039232800288940155
    },
    "30.047": {
      "drms_db": -3.341859817504883,
      "dcentroid_hz": 315.38303180146204,
      "chroma_corr": -0.19552792693078636
    },
    "31.463": {
      "drms_db": -0.08307838439941406,
      "dcentroid_hz": 21.258675519859935,
      "chroma_corr": 0.42230071705775896
    },
    "32.856": {
      "drms_db": -4.983217239379883,
      "dcentroid_hz": 321.9366817353175,
      "chroma_corr": 0.3565636012435942
    },
    "42.701": {
      "drms_db": 0.8534650802612305,
      "dcentroid_hz": 112.21328848381063,
      "chroma_corr": 0.5125848848635207
    },
    "45.511": {
      "drms_db": -0.29232120513916016,
      "dcentroid_hz": 180.3709075314705,
      "chroma_corr": 0.7820233824926793
    },
    "59.536": {
      "drms_db": -0.45931243896484375,
      "dcentroid_hz": 452.9513062976557,
      "chroma_corr": 0.8809021687519167
    },
    "281.844": {
      "drms_db": 0.0,
      "dcentroid_hz": 0.0,
      "chroma_corr": 1.0
    }
  },
  "applied_thresholds": {
    "energy_drop_db": 2.0,
    "centroid_jump_hz": 100.0,
    "chroma_max_corr": 0.9
  }
}